-- phpMyAdmin SQL Dump
-- version 5.2.1
-- https://www.phpmyadmin.net/
--
-- Host: 127.0.0.1
-- Generation Time: Nov 11, 2023 at 01:53 AM
-- Server version: 10.4.28-MariaDB
-- PHP Version: 8.2.4

SET SQL_MODE = "NO_AUTO_VALUE_ON_ZERO";
START TRANSACTION;
SET time_zone = "+00:00";


/*!40101 SET @OLD_CHARACTER_SET_CLIENT=@@CHARACTER_SET_CLIENT */;
/*!40101 SET @OLD_CHARACTER_SET_RESULTS=@@CHARACTER_SET_RESULTS */;
/*!40101 SET @OLD_COLLATION_CONNECTION=@@COLLATION_CONNECTION */;
/*!40101 SET NAMES utf8mb4 */;

--
-- Database: `avianca`
--

-- --------------------------------------------------------

--
-- Table structure for table `aerolineas`
--

CREATE TABLE `aerolineas` (
  `id` int(11) NOT NULL,
  `nombre` varchar(50) NOT NULL,
  `imagen` varchar(100) NOT NULL
) ENGINE=InnoDB DEFAULT CHARSET=utf8 COLLATE=utf8_unicode_ci;

--
-- Dumping data for table `aerolineas`
--

INSERT INTO `aerolineas` (`id`, `nombre`, `imagen`) VALUES
(1, 'Avianca', 'http://127.0.0.1/avianca/img/avianca.png'),
(2, 'American Airlines', 'http://127.0.0.1/avianca/img/american-airlines.png'),
(3, 'GOL', 'http://127.0.0.1/avianca/img/gol.png'),
(4, 'Jet Blue', 'http://127.0.0.1/avianca/img/jet-blue.png');

-- --------------------------------------------------------

--
-- Table structure for table `ciudades`
--

CREATE TABLE `ciudades` (
  `id` int(11) NOT NULL,
  `nombre` varchar(50) NOT NULL
) ENGINE=InnoDB DEFAULT CHARSET=utf8 COLLATE=utf8_unicode_ci;

--
-- Dumping data for table `ciudades`
--

INSERT INTO `ciudades` (`id`, `nombre`) VALUES
(1, 'Quito'),
(2, 'Cuenca'),
(3, 'New York'),
(4, 'Ontario'),
(5, 'Salt Lake City'),
(6, 'Denver');

-- --------------------------------------------------------

--
-- Table structure for table `usuarios`
--

CREATE TABLE `usuarios` (
  `cedula` varchar(10) NOT NULL,
  `nombre` varchar(25) NOT NULL,
  `apellido` varchar(25) NOT NULL,
  `telefono` varchar(10) NOT NULL,
  `tarjeta` varchar(18) NOT NULL,
  `contrasenia` varchar(16) NOT NULL
) ENGINE=InnoDB DEFAULT CHARSET=utf8 COLLATE=utf8_unicode_ci;

--
-- Dumping data for table `usuarios`
--

INSERT INTO `usuarios` (`cedula`, `nombre`, `apellido`, `telefono`, `tarjeta`, `contrasenia`) VALUES
('1', 'Joan', 'Salan', '0998599526', '3198739812', '123');

-- --------------------------------------------------------

--
-- Table structure for table `viajes`
--

CREATE TABLE `viajes` (
  `cedula` varchar(10) NOT NULL,
  `id_vuelo_ida` int(11) NOT NULL,
  `id_vuelo_regreso` int(11) NOT NULL,
  `adultos` int(11) NOT NULL,
  `ninos` int(11) NOT NULL
) ENGINE=InnoDB DEFAULT CHARSET=utf8 COLLATE=utf8_unicode_ci;

--
-- Dumping data for table `viajes`
--

INSERT INTO `viajes` (`cedula`, `id_vuelo_ida`, `id_vuelo_regreso`, `adultos`, `ninos`) VALUES
('1', 1, 126, 1, 0),
('1', 92, 341, 2, 1);

-- --------------------------------------------------------

--
-- Table structure for table `vuelos`
--

CREATE TABLE `vuelos` (
  `id` int(11) NOT NULL,
  `id_aerolinea` int(11) NOT NULL,
  `fecha_salida` date NOT NULL,
  `hora_salida` varchar(5) NOT NULL,
  `hora_llegada` varchar(5) NOT NULL,
  `id_salida` int(11) NOT NULL,
  `id_destino` int(11) NOT NULL,
  `disponibilidad` int(11) NOT NULL,
  `costo_adulto` int(11) NOT NULL,
  `costo_nino` int(11) NOT NULL
) ENGINE=InnoDB DEFAULT CHARSET=utf8 COLLATE=utf8_unicode_ci;

--
-- Dumping data for table `vuelos`
--

INSERT INTO `vuelos` (`id`, `id_aerolinea`, `fecha_salida`, `hora_salida`, `hora_llegada`, `id_salida`, `id_destino`, `disponibilidad`, `costo_adulto`, `costo_nino`) VALUES
(1, 1, '2023-09-27', '20:00', '23:00', 1, 2, 106, 159, 101),
(2, 1, '2023-09-27', '22:30', '04:00', 1, 3, 115, 214, 79),
(3, 1, '2023-09-27', '22:00', '02:00', 1, 4, 102, 168, 86),
(4, 1, '2023-09-27', '22:30', '03:00', 1, 5, 109, 205, 96),
(5, 1, '2023-09-27', '20:00', '23:00', 1, 6, 104, 194, 68),
(6, 1, '2023-09-27', '22:30', '01:00', 2, 3, 112, 151, 63),
(7, 1, '2023-09-27', '21:00', '03:00', 2, 4, 91, 177, 114),
(8, 1, '2023-09-27', '22:30', '01:00', 2, 5, 90, 168, 113),
(9, 1, '2023-09-27', '22:00', '02:00', 2, 6, 102, 205, 90),
(10, 1, '2023-09-27', '21:30', '01:00', 3, 4, 117, 222, 93),
(11, 1, '2023-09-27', '22:00', '02:00', 3, 5, 112, 191, 104),
(12, 1, '2023-09-27', '20:30', '04:00', 3, 6, 91, 121, 56),
(13, 1, '2023-09-27', '20:30', '23:00', 4, 5, 92, 178, 90),
(14, 1, '2023-09-27', '23:30', '03:00', 4, 6, 114, 157, 118),
(15, 1, '2023-09-27', '21:00', '04:00', 5, 6, 90, 213, 97),
(16, 1, '2023-09-27', '22:30', '23:00', 6, 5, 110, 116, 69),
(17, 1, '2023-09-27', '22:00', '23:00', 6, 4, 94, 100, 115),
(18, 1, '2023-09-27', '20:30', '23:00', 5, 4, 94, 146, 91),
(19, 1, '2023-09-27', '23:30', '03:00', 6, 3, 108, 221, 109),
(20, 1, '2023-09-27', '23:00', '03:00', 5, 3, 111, 131, 61),
(21, 1, '2023-09-27', '20:00', '01:00', 4, 3, 94, 216, 110),
(22, 1, '2023-09-27', '21:30', '02:00', 6, 2, 96, 145, 60),
(23, 1, '2023-09-27', '20:00', '02:00', 5, 2, 120, 233, 64),
(24, 1, '2023-09-27', '22:30', '02:00', 4, 2, 106, 216, 58),
(25, 1, '2023-09-27', '20:00', '03:00', 3, 2, 102, 143, 112),
(26, 1, '2023-09-27', '21:00', '04:00', 6, 1, 111, 190, 90),
(27, 1, '2023-09-27', '23:00', '04:00', 5, 1, 110, 179, 50),
(28, 1, '2023-09-27', '22:30', '04:00', 4, 1, 97, 199, 90),
(29, 1, '2023-09-27', '20:00', '23:00', 3, 1, 102, 133, 81),
(30, 1, '2023-09-27', '20:00', '23:00', 2, 1, 113, 196, 53),
(31, 2, '2023-09-27', '20:00', '23:00', 1, 2, 109, 169, 111),
(32, 2, '2023-09-27', '22:30', '04:00', 1, 3, 117, 224, 89),
(33, 2, '2023-09-27', '22:00', '02:00', 1, 4, 102, 178, 96),
(34, 2, '2023-09-27', '22:30', '03:00', 1, 5, 109, 215, 106),
(35, 2, '2023-09-27', '20:00', '23:00', 1, 6, 104, 204, 78),
(36, 2, '2023-09-27', '22:30', '01:00', 2, 3, 112, 161, 73),
(37, 2, '2023-09-27', '21:00', '03:00', 2, 4, 91, 187, 124),
(38, 2, '2023-09-27', '22:30', '01:00', 2, 5, 90, 178, 123),
(39, 2, '2023-09-27', '22:00', '02:00', 2, 6, 102, 215, 100),
(40, 2, '2023-09-27', '21:30', '01:00', 3, 4, 117, 232, 103),
(41, 2, '2023-09-27', '22:00', '02:00', 3, 5, 112, 201, 114),
(42, 2, '2023-09-27', '20:30', '04:00', 3, 6, 91, 131, 66),
(43, 2, '2023-09-27', '20:30', '23:00', 4, 5, 92, 188, 100),
(44, 2, '2023-09-27', '23:30', '03:00', 4, 6, 114, 167, 128),
(45, 2, '2023-09-27', '21:00', '04:00', 5, 6, 90, 223, 107),
(46, 2, '2023-09-27', '22:30', '23:00', 6, 5, 110, 126, 79),
(47, 2, '2023-09-27', '22:00', '23:00', 6, 4, 94, 110, 125),
(48, 2, '2023-09-27', '20:30', '23:00', 5, 4, 94, 156, 101),
(49, 2, '2023-09-27', '23:30', '03:00', 6, 3, 108, 231, 119),
(50, 2, '2023-09-27', '23:00', '03:00', 5, 3, 111, 141, 71),
(51, 2, '2023-09-27', '20:00', '01:00', 4, 3, 94, 226, 120),
(52, 2, '2023-09-27', '21:30', '02:00', 6, 2, 96, 155, 70),
(53, 2, '2023-09-27', '20:00', '02:00', 5, 2, 120, 243, 74),
(54, 2, '2023-09-27', '22:30', '02:00', 4, 2, 106, 226, 68),
(55, 2, '2023-09-27', '20:00', '03:00', 3, 2, 102, 153, 122),
(56, 2, '2023-09-27', '21:00', '04:00', 6, 1, 111, 200, 100),
(57, 2, '2023-09-27', '23:00', '04:00', 5, 1, 110, 189, 60),
(58, 2, '2023-09-27', '22:30', '04:00', 4, 1, 97, 209, 100),
(59, 2, '2023-09-27', '20:00', '23:00', 3, 1, 102, 143, 91),
(60, 2, '2023-09-27', '20:00', '23:00', 2, 1, 113, 206, 63),
(61, 3, '2023-09-27', '20:00', '23:00', 1, 2, 109, 144, 86),
(62, 3, '2023-09-27', '22:30', '04:00', 1, 3, 117, 199, 64),
(63, 3, '2023-09-27', '22:00', '02:00', 1, 4, 102, 153, 71),
(64, 3, '2023-09-27', '22:30', '03:00', 1, 5, 109, 190, 81),
(65, 3, '2023-09-27', '20:00', '23:00', 1, 6, 104, 179, 53),
(66, 3, '2023-09-27', '22:30', '01:00', 2, 3, 112, 136, 48),
(67, 3, '2023-09-27', '21:00', '03:00', 2, 4, 91, 162, 99),
(68, 3, '2023-09-27', '22:30', '01:00', 2, 5, 90, 153, 98),
(69, 3, '2023-09-27', '22:00', '02:00', 2, 6, 102, 190, 75),
(70, 3, '2023-09-27', '21:30', '01:00', 3, 4, 117, 207, 78),
(71, 3, '2023-09-27', '22:00', '02:00', 3, 5, 112, 176, 89),
(72, 3, '2023-09-27', '20:30', '04:00', 3, 6, 91, 106, 41),
(73, 3, '2023-09-27', '20:30', '23:00', 4, 5, 92, 163, 75),
(74, 3, '2023-09-27', '23:30', '03:00', 4, 6, 114, 142, 103),
(75, 3, '2023-09-27', '21:00', '04:00', 5, 6, 90, 198, 82),
(76, 3, '2023-09-27', '22:30', '23:00', 6, 5, 110, 101, 54),
(77, 3, '2023-09-27', '22:00', '23:00', 6, 4, 94, 85, 100),
(78, 3, '2023-09-27', '20:30', '23:00', 5, 4, 94, 131, 76),
(79, 3, '2023-09-27', '23:30', '03:00', 6, 3, 108, 206, 94),
(80, 3, '2023-09-27', '23:00', '03:00', 5, 3, 111, 116, 46),
(81, 3, '2023-09-27', '20:00', '01:00', 4, 3, 94, 201, 95),
(82, 3, '2023-09-27', '21:30', '02:00', 6, 2, 96, 130, 45),
(83, 3, '2023-09-27', '20:00', '02:00', 5, 2, 120, 218, 49),
(84, 3, '2023-09-27', '22:30', '02:00', 4, 2, 106, 201, 43),
(85, 3, '2023-09-27', '20:00', '03:00', 3, 2, 102, 128, 97),
(86, 3, '2023-09-27', '21:00', '04:00', 6, 1, 111, 175, 75),
(87, 3, '2023-09-27', '23:00', '04:00', 5, 1, 110, 164, 35),
(88, 3, '2023-09-27', '22:30', '04:00', 4, 1, 97, 184, 75),
(89, 3, '2023-09-27', '20:00', '23:00', 3, 1, 102, 118, 66),
(90, 3, '2023-09-27', '20:00', '23:00', 2, 1, 113, 181, 38),
(91, 4, '2023-09-27', '20:00', '23:00', 1, 2, 109, 156, 98),
(92, 4, '2023-09-27', '22:30', '04:00', 1, 3, 114, 211, 76),
(93, 4, '2023-09-27', '22:00', '02:00', 1, 4, 102, 165, 83),
(94, 4, '2023-09-27', '22:30', '03:00', 1, 5, 109, 202, 93),
(95, 4, '2023-09-27', '20:00', '23:00', 1, 6, 104, 191, 65),
(96, 4, '2023-09-27', '22:30', '01:00', 2, 3, 112, 148, 60),
(97, 4, '2023-09-27', '21:00', '03:00', 2, 4, 91, 174, 111),
(98, 4, '2023-09-27', '22:30', '01:00', 2, 5, 90, 165, 110),
(99, 4, '2023-09-27', '22:00', '02:00', 2, 6, 102, 202, 87),
(100, 4, '2023-09-27', '21:30', '01:00', 3, 4, 117, 219, 90),
(101, 4, '2023-09-27', '22:00', '02:00', 3, 5, 112, 188, 101),
(102, 4, '2023-09-27', '20:30', '04:00', 3, 6, 91, 118, 53),
(103, 4, '2023-09-27', '20:30', '23:00', 4, 5, 92, 175, 87),
(104, 4, '2023-09-27', '23:30', '03:00', 4, 6, 114, 154, 115),
(105, 4, '2023-09-27', '21:00', '04:00', 5, 6, 90, 210, 94),
(106, 4, '2023-09-27', '22:30', '23:00', 6, 5, 110, 113, 66),
(107, 4, '2023-09-27', '22:00', '23:00', 6, 4, 94, 97, 112),
(108, 4, '2023-09-27', '20:30', '23:00', 5, 4, 94, 143, 88),
(109, 4, '2023-09-27', '23:30', '03:00', 6, 3, 108, 218, 106),
(110, 4, '2023-09-27', '23:00', '03:00', 5, 3, 111, 128, 58),
(111, 4, '2023-09-27', '20:00', '01:00', 4, 3, 94, 213, 107),
(112, 4, '2023-09-27', '21:30', '02:00', 6, 2, 96, 142, 57),
(113, 4, '2023-09-27', '20:00', '02:00', 5, 2, 120, 230, 61),
(114, 4, '2023-09-27', '22:30', '02:00', 4, 2, 106, 213, 55),
(115, 4, '2023-09-27', '20:00', '03:00', 3, 2, 102, 140, 109),
(116, 4, '2023-09-27', '21:00', '04:00', 6, 1, 111, 187, 87),
(117, 4, '2023-09-27', '23:00', '04:00', 5, 1, 110, 176, 47),
(118, 4, '2023-09-27', '22:30', '04:00', 4, 1, 97, 196, 87),
(119, 4, '2023-09-27', '20:00', '23:00', 3, 1, 102, 130, 78),
(120, 4, '2023-09-27', '20:00', '23:00', 2, 1, 113, 193, 50),
(121, 1, '2023-09-28', '12:30', '01:00', 1, 2, 115, 112, 61),
(122, 1, '2023-09-28', '11:00', '04:00', 1, 3, 116, 226, 69),
(123, 1, '2023-09-28', '10:30', '13:00', 1, 4, 107, 247, 124),
(124, 1, '2023-09-28', '22:30', '03:00', 1, 5, 97, 212, 107),
(125, 1, '2023-09-28', '20:30', '23:00', 1, 6, 109, 176, 97),
(126, 1, '2023-09-28', '09:00', '14:00', 2, 1, 90, 208, 96),
(127, 1, '2023-09-28', '10:00', '13:00', 2, 3, 109, 224, 120),
(128, 1, '2023-09-28', '11:30', '17:00', 2, 4, 113, 174, 79),
(129, 1, '2023-09-28', '13:00', '18:00', 2, 5, 95, 166, 82),
(130, 1, '2023-09-28', '15:30', '19:00', 2, 6, 94, 205, 120),
(131, 1, '2023-09-28', '18:00', '21:00', 3, 1, 120, 123, 116),
(132, 1, '2023-09-28', '18:30', '22:00', 3, 2, 115, 113, 108),
(133, 1, '2023-09-28', '17:30', '20:00', 3, 4, 99, 187, 124),
(134, 1, '2023-09-28', '11:30', '14:00', 3, 5, 116, 188, 89),
(135, 1, '2023-09-28', '09:00', '12:00', 3, 6, 111, 113, 58),
(136, 1, '2023-09-28', '12:30', '17:00', 4, 1, 98, 100, 52),
(137, 1, '2023-09-28', '09:00', '14:00', 4, 2, 94, 160, 117),
(138, 1, '2023-09-28', '22:30', '02:00', 4, 3, 116, 179, 60),
(139, 1, '2023-09-28', '20:00', '01:00', 4, 5, 105, 223, 77),
(140, 1, '2023-09-28', '17:00', '20:00', 4, 6, 104, 139, 118),
(141, 1, '2023-09-28', '14:30', '18:00', 5, 1, 96, 133, 92),
(142, 1, '2023-09-28', '22:00', '02:00', 5, 2, 108, 234, 116),
(143, 1, '2023-09-28', '21:00', '02:00', 5, 3, 113, 148, 76),
(144, 1, '2023-09-28', '11:00', '14:00', 5, 4, 110, 249, 90),
(145, 1, '2023-09-28', '13:30', '17:00', 5, 6, 103, 157, 77),
(146, 1, '2023-09-28', '18:00', '03:00', 6, 1, 103, 165, 59),
(147, 1, '2023-09-28', '15:00', '19:00', 6, 2, 117, 239, 50),
(148, 1, '2023-09-28', '23:30', '04:00', 6, 3, 96, 179, 113),
(149, 1, '2023-09-28', '12:30', '17:00', 6, 4, 104, 151, 70),
(150, 1, '2023-09-28', '21:00', '02:00', 6, 5, 117, 214, 96),
(151, 2, '2023-09-28', '12:30', '01:00', 1, 2, 115, 102, 51),
(152, 2, '2023-09-28', '11:00', '04:00', 1, 3, 116, 216, 59),
(153, 2, '2023-09-28', '10:30', '13:00', 1, 4, 107, 237, 114),
(154, 2, '2023-09-28', '22:30', '03:00', 1, 5, 97, 202, 97),
(155, 2, '2023-09-28', '20:30', '23:00', 1, 6, 109, 166, 87),
(156, 2, '2023-09-28', '09:00', '14:00', 2, 1, 91, 198, 86),
(157, 2, '2023-09-28', '10:00', '13:00', 2, 3, 109, 214, 110),
(158, 2, '2023-09-28', '11:30', '17:00', 2, 4, 113, 164, 69),
(159, 2, '2023-09-28', '13:00', '18:00', 2, 5, 95, 156, 72),
(160, 2, '2023-09-28', '15:30', '19:00', 2, 6, 94, 195, 110),
(161, 2, '2023-09-28', '18:00', '21:00', 3, 1, 120, 113, 106),
(162, 2, '2023-09-28', '18:30', '22:00', 3, 2, 115, 103, 98),
(163, 2, '2023-09-28', '17:30', '20:00', 3, 4, 99, 177, 114),
(164, 2, '2023-09-28', '11:30', '14:00', 3, 5, 116, 178, 79),
(165, 2, '2023-09-28', '09:00', '12:00', 3, 6, 111, 103, 48),
(166, 2, '2023-09-28', '12:30', '17:00', 4, 1, 98, 90, 42),
(167, 2, '2023-09-28', '09:00', '14:00', 4, 2, 94, 150, 107),
(168, 2, '2023-09-28', '22:30', '02:00', 4, 3, 116, 169, 50),
(169, 2, '2023-09-28', '20:00', '01:00', 4, 5, 105, 213, 67),
(170, 2, '2023-09-28', '17:00', '20:00', 4, 6, 104, 129, 108),
(171, 2, '2023-09-28', '14:30', '18:00', 5, 1, 96, 123, 82),
(172, 2, '2023-09-28', '22:00', '02:00', 5, 2, 108, 224, 106),
(173, 2, '2023-09-28', '21:00', '02:00', 5, 3, 113, 138, 66),
(174, 2, '2023-09-28', '11:00', '14:00', 5, 4, 110, 239, 80),
(175, 2, '2023-09-28', '13:30', '17:00', 5, 6, 103, 147, 67),
(176, 2, '2023-09-28', '18:00', '03:00', 6, 1, 103, 155, 49),
(177, 2, '2023-09-28', '15:00', '19:00', 6, 2, 117, 229, 40),
(178, 2, '2023-09-28', '23:30', '04:00', 6, 3, 96, 169, 103),
(179, 2, '2023-09-28', '12:30', '17:00', 6, 4, 104, 141, 60),
(180, 2, '2023-09-28', '21:00', '02:00', 6, 5, 117, 204, 86),
(181, 3, '2023-09-28', '12:30', '01:00', 1, 2, 115, 115, 64),
(182, 3, '2023-09-28', '11:00', '04:00', 1, 3, 116, 229, 72),
(183, 3, '2023-09-28', '10:30', '13:00', 1, 4, 107, 250, 127),
(184, 3, '2023-09-28', '22:30', '03:00', 1, 5, 97, 215, 110),
(185, 3, '2023-09-28', '20:30', '23:00', 1, 6, 109, 179, 100),
(186, 3, '2023-09-28', '09:00', '14:00', 2, 1, 91, 211, 99),
(187, 3, '2023-09-28', '10:00', '13:00', 2, 3, 109, 227, 123),
(188, 3, '2023-09-28', '11:30', '17:00', 2, 4, 113, 177, 82),
(189, 3, '2023-09-28', '13:00', '18:00', 2, 5, 95, 169, 85),
(190, 3, '2023-09-28', '15:30', '19:00', 2, 6, 94, 208, 123),
(191, 3, '2023-09-28', '18:00', '21:00', 3, 1, 120, 126, 119),
(192, 3, '2023-09-28', '18:30', '22:00', 3, 2, 115, 116, 111),
(193, 3, '2023-09-28', '17:30', '20:00', 3, 4, 99, 190, 127),
(194, 3, '2023-09-28', '11:30', '14:00', 3, 5, 116, 191, 92),
(195, 3, '2023-09-28', '09:00', '12:00', 3, 6, 111, 116, 61),
(196, 3, '2023-09-28', '12:30', '17:00', 4, 1, 98, 103, 55),
(197, 3, '2023-09-28', '09:00', '14:00', 4, 2, 94, 163, 120),
(198, 3, '2023-09-28', '22:30', '02:00', 4, 3, 116, 182, 63),
(199, 3, '2023-09-28', '20:00', '01:00', 4, 5, 105, 226, 80),
(200, 3, '2023-09-28', '17:00', '20:00', 4, 6, 104, 142, 121),
(201, 3, '2023-09-28', '14:30', '18:00', 5, 1, 96, 136, 95),
(202, 3, '2023-09-28', '22:00', '02:00', 5, 2, 108, 237, 119),
(203, 3, '2023-09-28', '21:00', '02:00', 5, 3, 113, 151, 79),
(204, 3, '2023-09-28', '11:00', '14:00', 5, 4, 110, 252, 93),
(205, 3, '2023-09-28', '13:30', '17:00', 5, 6, 103, 160, 80),
(206, 3, '2023-09-28', '18:00', '03:00', 6, 1, 103, 168, 62),
(207, 3, '2023-09-28', '15:00', '19:00', 6, 2, 117, 242, 53),
(208, 3, '2023-09-28', '23:30', '04:00', 6, 3, 96, 182, 116),
(209, 3, '2023-09-28', '12:30', '17:00', 6, 4, 104, 154, 73),
(210, 3, '2023-09-28', '21:00', '02:00', 6, 5, 117, 217, 99),
(211, 4, '2023-09-28', '12:30', '01:00', 1, 2, 115, 127, 76),
(212, 4, '2023-09-28', '11:00', '04:00', 1, 3, 116, 241, 84),
(213, 4, '2023-09-28', '10:30', '13:00', 1, 4, 107, 262, 139),
(214, 4, '2023-09-28', '22:30', '03:00', 1, 5, 97, 227, 122),
(215, 4, '2023-09-28', '20:30', '23:00', 1, 6, 109, 191, 112),
(216, 4, '2023-09-28', '09:00', '14:00', 2, 1, 91, 223, 111),
(217, 4, '2023-09-28', '10:00', '13:00', 2, 3, 109, 239, 135),
(218, 4, '2023-09-28', '11:30', '17:00', 2, 4, 113, 189, 94),
(219, 4, '2023-09-28', '13:00', '18:00', 2, 5, 95, 181, 97),
(220, 4, '2023-09-28', '15:30', '19:00', 2, 6, 94, 220, 135),
(221, 4, '2023-09-28', '18:00', '21:00', 3, 1, 120, 138, 131),
(222, 4, '2023-09-28', '18:30', '22:00', 3, 2, 115, 128, 123),
(223, 4, '2023-09-28', '17:30', '20:00', 3, 4, 99, 202, 139),
(224, 4, '2023-09-28', '11:30', '14:00', 3, 5, 116, 203, 104),
(225, 4, '2023-09-28', '09:00', '12:00', 3, 6, 111, 128, 73),
(226, 4, '2023-09-28', '12:30', '17:00', 4, 1, 98, 115, 67),
(227, 4, '2023-09-28', '09:00', '14:00', 4, 2, 94, 175, 132),
(228, 4, '2023-09-28', '22:30', '02:00', 4, 3, 116, 194, 75),
(229, 4, '2023-09-28', '20:00', '01:00', 4, 5, 105, 238, 92),
(230, 4, '2023-09-28', '17:00', '20:00', 4, 6, 104, 154, 133),
(231, 4, '2023-09-28', '14:30', '18:00', 5, 1, 96, 148, 107),
(232, 4, '2023-09-28', '22:00', '02:00', 5, 2, 108, 249, 131),
(233, 4, '2023-09-28', '21:00', '02:00', 5, 3, 113, 163, 91),
(234, 4, '2023-09-28', '11:00', '14:00', 5, 4, 110, 264, 105),
(235, 4, '2023-09-28', '13:30', '17:00', 5, 6, 103, 172, 92),
(236, 4, '2023-09-28', '18:00', '03:00', 6, 1, 103, 180, 74),
(237, 4, '2023-09-28', '15:00', '19:00', 6, 2, 117, 254, 65),
(238, 4, '2023-09-28', '23:30', '04:00', 6, 3, 96, 194, 128),
(239, 4, '2023-09-28', '12:30', '17:00', 6, 4, 104, 166, 85),
(240, 4, '2023-09-28', '21:00', '02:00', 6, 5, 117, 229, 111),
(241, 1, '2023-09-29', '12:30', '01:00', 1, 2, 115, 112, 61),
(242, 1, '2023-09-29', '11:00', '04:00', 1, 3, 116, 226, 69),
(243, 1, '2023-09-29', '10:30', '13:00', 1, 4, 107, 247, 124),
(244, 1, '2023-09-29', '22:30', '03:00', 1, 5, 97, 212, 107),
(245, 1, '2023-09-29', '20:30', '23:00', 1, 6, 109, 176, 97),
(246, 1, '2023-09-29', '09:00', '14:00', 2, 1, 91, 208, 96),
(247, 1, '2023-09-29', '10:00', '13:00', 2, 3, 109, 224, 120),
(248, 1, '2023-09-29', '11:30', '17:00', 2, 4, 113, 174, 79),
(249, 1, '2023-09-29', '13:00', '18:00', 2, 5, 95, 166, 82),
(250, 1, '2023-09-29', '15:30', '19:00', 2, 6, 94, 205, 120),
(251, 1, '2023-09-29', '18:00', '21:00', 3, 1, 120, 123, 116),
(252, 1, '2023-09-29', '18:30', '22:00', 3, 2, 115, 113, 108),
(253, 1, '2023-09-29', '17:30', '20:00', 3, 4, 99, 187, 124),
(254, 1, '2023-09-29', '11:30', '14:00', 3, 5, 116, 188, 89),
(255, 1, '2023-09-29', '09:00', '12:00', 3, 6, 111, 113, 58),
(256, 1, '2023-09-29', '12:30', '17:00', 4, 1, 98, 100, 52),
(257, 1, '2023-09-29', '09:00', '14:00', 4, 2, 94, 160, 117),
(258, 1, '2023-09-29', '22:30', '02:00', 4, 3, 116, 179, 60),
(259, 1, '2023-09-29', '20:00', '01:00', 4, 5, 105, 223, 77),
(260, 1, '2023-09-29', '17:00', '20:00', 4, 6, 104, 139, 118),
(261, 1, '2023-09-29', '14:30', '18:00', 5, 1, 96, 133, 92),
(262, 1, '2023-09-29', '22:00', '02:00', 5, 2, 108, 234, 116),
(263, 1, '2023-09-29', '21:00', '02:00', 5, 3, 113, 148, 76),
(264, 1, '2023-09-29', '11:00', '14:00', 5, 4, 110, 249, 90),
(265, 1, '2023-09-29', '13:30', '17:00', 5, 6, 103, 157, 77),
(266, 1, '2023-09-29', '18:00', '03:00', 6, 1, 103, 165, 59),
(267, 1, '2023-09-29', '15:00', '19:00', 6, 2, 117, 239, 50),
(268, 1, '2023-09-29', '23:30', '04:00', 6, 3, 96, 179, 113),
(269, 1, '2023-09-29', '12:30', '17:00', 6, 4, 104, 151, 70),
(270, 1, '2023-09-29', '21:00', '02:00', 6, 5, 117, 214, 96),
(271, 2, '2023-09-29', '12:30', '01:00', 1, 2, 115, 102, 51),
(272, 2, '2023-09-29', '11:00', '04:00', 1, 3, 116, 216, 59),
(273, 2, '2023-09-29', '10:30', '13:00', 1, 4, 107, 237, 114),
(274, 2, '2023-09-29', '22:30', '03:00', 1, 5, 97, 202, 97),
(275, 2, '2023-09-29', '20:30', '23:00', 1, 6, 109, 166, 87),
(276, 2, '2023-09-29', '09:00', '14:00', 2, 1, 91, 198, 86),
(277, 2, '2023-09-29', '10:00', '13:00', 2, 3, 109, 214, 110),
(278, 2, '2023-09-29', '11:30', '17:00', 2, 4, 113, 164, 69),
(279, 2, '2023-09-29', '13:00', '18:00', 2, 5, 95, 156, 72),
(280, 2, '2023-09-29', '15:30', '19:00', 2, 6, 94, 195, 110),
(281, 2, '2023-09-29', '18:00', '21:00', 3, 1, 120, 113, 106),
(282, 2, '2023-09-29', '18:30', '22:00', 3, 2, 115, 103, 98),
(283, 2, '2023-09-29', '17:30', '20:00', 3, 4, 99, 177, 114),
(284, 2, '2023-09-29', '11:30', '14:00', 3, 5, 116, 178, 79),
(285, 2, '2023-09-29', '09:00', '12:00', 3, 6, 111, 103, 48),
(286, 2, '2023-09-29', '12:30', '17:00', 4, 1, 98, 90, 42),
(287, 2, '2023-09-29', '09:00', '14:00', 4, 2, 94, 150, 107),
(288, 2, '2023-09-29', '22:30', '02:00', 4, 3, 116, 169, 50),
(289, 2, '2023-09-29', '20:00', '01:00', 4, 5, 105, 213, 67),
(290, 2, '2023-09-29', '17:00', '20:00', 4, 6, 104, 129, 108),
(291, 2, '2023-09-29', '14:30', '18:00', 5, 1, 96, 123, 82),
(292, 2, '2023-09-29', '22:00', '02:00', 5, 2, 108, 224, 106),
(293, 2, '2023-09-29', '21:00', '02:00', 5, 3, 113, 138, 66),
(294, 2, '2023-09-29', '11:00', '14:00', 5, 4, 110, 239, 80),
(295, 2, '2023-09-29', '13:30', '17:00', 5, 6, 103, 147, 67),
(296, 2, '2023-09-29', '18:00', '03:00', 6, 1, 103, 155, 49),
(297, 2, '2023-09-29', '15:00', '19:00', 6, 2, 117, 229, 40),
(298, 2, '2023-09-29', '23:30', '04:00', 6, 3, 96, 169, 103),
(299, 2, '2023-09-29', '12:30', '17:00', 6, 4, 104, 141, 60),
(300, 2, '2023-09-29', '21:00', '02:00', 6, 5, 117, 204, 86),
(301, 3, '2023-09-29', '12:30', '01:00', 1, 2, 115, 122, 71),
(302, 3, '2023-09-29', '11:00', '04:00', 1, 3, 116, 236, 79),
(303, 3, '2023-09-29', '10:30', '13:00', 1, 4, 107, 257, 134),
(304, 3, '2023-09-29', '22:30', '03:00', 1, 5, 97, 222, 117),
(305, 3, '2023-09-29', '20:30', '23:00', 1, 6, 109, 186, 107),
(306, 3, '2023-09-29', '09:00', '14:00', 2, 1, 91, 218, 106),
(307, 3, '2023-09-29', '10:00', '13:00', 2, 3, 109, 234, 130),
(308, 3, '2023-09-29', '11:30', '17:00', 2, 4, 113, 184, 89),
(309, 3, '2023-09-29', '13:00', '18:00', 2, 5, 95, 176, 92),
(310, 3, '2023-09-29', '15:30', '19:00', 2, 6, 94, 215, 130),
(311, 3, '2023-09-29', '18:00', '21:00', 3, 1, 120, 133, 126),
(312, 3, '2023-09-29', '18:30', '22:00', 3, 2, 115, 123, 118),
(313, 3, '2023-09-29', '17:30', '20:00', 3, 4, 99, 197, 134),
(314, 3, '2023-09-29', '11:30', '14:00', 3, 5, 116, 198, 99),
(315, 3, '2023-09-29', '09:00', '12:00', 3, 6, 111, 123, 68),
(316, 3, '2023-09-29', '12:30', '17:00', 4, 1, 98, 110, 62),
(317, 3, '2023-09-29', '09:00', '14:00', 4, 2, 94, 170, 127),
(318, 3, '2023-09-29', '22:30', '02:00', 4, 3, 116, 189, 70),
(319, 3, '2023-09-29', '20:00', '01:00', 4, 5, 105, 233, 87),
(320, 3, '2023-09-29', '17:00', '20:00', 4, 6, 104, 149, 128),
(321, 3, '2023-09-29', '14:30', '18:00', 5, 1, 96, 143, 102),
(322, 3, '2023-09-29', '22:00', '02:00', 5, 2, 108, 244, 126),
(323, 3, '2023-09-29', '21:00', '02:00', 5, 3, 113, 158, 86),
(324, 3, '2023-09-29', '11:00', '14:00', 5, 4, 110, 259, 100),
(325, 3, '2023-09-29', '13:30', '17:00', 5, 6, 103, 167, 87),
(326, 3, '2023-09-29', '18:00', '03:00', 6, 1, 103, 175, 69),
(327, 3, '2023-09-29', '15:00', '19:00', 6, 2, 117, 249, 60),
(328, 3, '2023-09-29', '23:30', '04:00', 6, 3, 96, 189, 123),
(329, 3, '2023-09-29', '12:30', '17:00', 6, 4, 104, 161, 80),
(330, 3, '2023-09-29', '21:00', '02:00', 6, 5, 117, 224, 106),
(331, 4, '2023-09-29', '12:30', '01:00', 1, 2, 115, 107, 56),
(332, 4, '2023-09-29', '11:00', '04:00', 1, 3, 116, 221, 64),
(333, 4, '2023-09-29', '10:30', '13:00', 1, 4, 107, 242, 119),
(334, 4, '2023-09-29', '22:30', '03:00', 1, 5, 97, 207, 102),
(335, 4, '2023-09-29', '20:30', '23:00', 1, 6, 109, 171, 92),
(336, 4, '2023-09-29', '09:00', '14:00', 2, 1, 91, 203, 91),
(337, 4, '2023-09-29', '10:00', '13:00', 2, 3, 109, 219, 115),
(338, 4, '2023-09-29', '11:30', '17:00', 2, 4, 113, 169, 74),
(339, 4, '2023-09-29', '13:00', '18:00', 2, 5, 95, 161, 77),
(340, 4, '2023-09-29', '15:30', '19:00', 2, 6, 94, 200, 115),
(341, 4, '2023-09-29', '18:00', '21:00', 3, 1, 117, 118, 111),
(342, 4, '2023-09-29', '18:30', '22:00', 3, 2, 115, 108, 103),
(343, 4, '2023-09-29', '17:30', '20:00', 3, 4, 99, 182, 119),
(344, 4, '2023-09-29', '11:30', '14:00', 3, 5, 116, 183, 84),
(345, 4, '2023-09-29', '09:00', '12:00', 3, 6, 111, 108, 53),
(346, 4, '2023-09-29', '12:30', '17:00', 4, 1, 98, 95, 47),
(347, 4, '2023-09-29', '09:00', '14:00', 4, 2, 94, 155, 112),
(348, 4, '2023-09-29', '22:30', '02:00', 4, 3, 116, 174, 55),
(349, 4, '2023-09-29', '20:00', '01:00', 4, 5, 105, 218, 72),
(350, 4, '2023-09-29', '17:00', '20:00', 4, 6, 104, 134, 113),
(351, 4, '2023-09-29', '14:30', '18:00', 5, 1, 96, 128, 87),
(352, 4, '2023-09-29', '22:00', '02:00', 5, 2, 108, 229, 111),
(353, 4, '2023-09-29', '21:00', '02:00', 5, 3, 113, 143, 71),
(354, 4, '2023-09-29', '11:00', '14:00', 5, 4, 110, 244, 85),
(355, 4, '2023-09-29', '13:30', '17:00', 5, 6, 103, 152, 72),
(356, 4, '2023-09-29', '18:00', '03:00', 6, 1, 103, 160, 54),
(357, 4, '2023-09-29', '15:00', '19:00', 6, 2, 117, 234, 45),
(358, 4, '2023-09-29', '23:30', '04:00', 6, 3, 96, 174, 108),
(359, 4, '2023-09-29', '12:30', '17:00', 6, 4, 104, 146, 65),
(360, 4, '2023-09-29', '21:00', '02:00', 6, 5, 117, 209, 91),
(361, 1, '2023-09-30', '12:30', '01:00', 1, 2, 115, 112, 61),
(362, 1, '2023-09-30', '11:00', '04:00', 1, 3, 116, 226, 69),
(363, 1, '2023-09-30', '10:30', '13:00', 1, 4, 107, 247, 124),
(364, 1, '2023-09-30', '22:30', '03:00', 1, 5, 97, 212, 107),
(365, 1, '2023-09-30', '20:30', '23:00', 1, 6, 109, 176, 97),
(366, 1, '2023-09-30', '09:00', '14:00', 2, 1, 91, 208, 96),
(367, 1, '2023-09-30', '10:00', '13:00', 2, 3, 109, 224, 120),
(368, 1, '2023-09-30', '11:30', '17:00', 2, 4, 113, 174, 79),
(369, 1, '2023-09-30', '13:00', '18:00', 2, 5, 95, 166, 82),
(370, 1, '2023-09-30', '15:30', '19:00', 2, 6, 94, 205, 120),
(371, 1, '2023-09-30', '18:00', '21:00', 3, 1, 120, 123, 116),
(372, 1, '2023-09-30', '18:30', '22:00', 3, 2, 115, 113, 108),
(373, 1, '2023-09-30', '17:30', '20:00', 3, 4, 99, 187, 124),
(374, 1, '2023-09-30', '11:30', '14:00', 3, 5, 116, 188, 89),
(375, 1, '2023-09-30', '09:00', '12:00', 3, 6, 111, 113, 58),
(376, 1, '2023-09-30', '12:30', '17:00', 4, 1, 98, 100, 52),
(377, 1, '2023-09-30', '09:00', '14:00', 4, 2, 94, 160, 117),
(378, 1, '2023-09-30', '22:30', '02:00', 4, 3, 116, 179, 60),
(379, 1, '2023-09-30', '20:00', '01:00', 4, 5, 105, 223, 77),
(380, 1, '2023-09-30', '17:00', '20:00', 4, 6, 104, 139, 118),
(381, 1, '2023-09-30', '14:30', '18:00', 5, 1, 96, 133, 92),
(382, 1, '2023-09-30', '22:00', '02:00', 5, 2, 108, 234, 116),
(383, 1, '2023-09-30', '21:00', '02:00', 5, 3, 113, 148, 76),
(384, 1, '2023-09-30', '11:00', '14:00', 5, 4, 110, 249, 90),
(385, 1, '2023-09-30', '13:30', '17:00', 5, 6, 103, 157, 77),
(386, 1, '2023-09-30', '18:00', '03:00', 6, 1, 103, 165, 59),
(387, 1, '2023-09-30', '15:00', '19:00', 6, 2, 117, 239, 50),
(388, 1, '2023-09-30', '23:30', '04:00', 6, 3, 96, 179, 113),
(389, 1, '2023-09-30', '12:30', '17:00', 6, 4, 104, 151, 70),
(390, 1, '2023-09-30', '21:00', '02:00', 6, 5, 117, 214, 96),
(391, 2, '2023-09-30', '12:30', '01:00', 1, 2, 115, 127, 76),
(392, 2, '2023-09-30', '11:00', '04:00', 1, 3, 116, 241, 84),
(393, 2, '2023-09-30', '10:30', '13:00', 1, 4, 107, 262, 139),
(394, 2, '2023-09-30', '22:30', '03:00', 1, 5, 97, 227, 122),
(395, 2, '2023-09-30', '20:30', '23:00', 1, 6, 109, 191, 112),
(396, 2, '2023-09-30', '09:00', '14:00', 2, 1, 91, 223, 111),
(397, 2, '2023-09-30', '10:00', '13:00', 2, 3, 109, 239, 135),
(398, 2, '2023-09-30', '11:30', '17:00', 2, 4, 113, 189, 94),
(399, 2, '2023-09-30', '13:00', '18:00', 2, 5, 95, 181, 97),
(400, 2, '2023-09-30', '15:30', '19:00', 2, 6, 94, 220, 135),
(401, 2, '2023-09-30', '18:00', '21:00', 3, 1, 120, 138, 131),
(402, 2, '2023-09-30', '18:30', '22:00', 3, 2, 115, 128, 123),
(403, 2, '2023-09-30', '17:30', '20:00', 3, 4, 99, 202, 139),
(404, 2, '2023-09-30', '11:30', '14:00', 3, 5, 116, 203, 104),
(405, 2, '2023-09-30', '09:00', '12:00', 3, 6, 111, 128, 73),
(406, 2, '2023-09-30', '12:30', '17:00', 4, 1, 98, 115, 67),
(407, 2, '2023-09-30', '09:00', '14:00', 4, 2, 94, 175, 132),
(408, 2, '2023-09-30', '22:30', '02:00', 4, 3, 116, 194, 75),
(409, 2, '2023-09-30', '20:00', '01:00', 4, 5, 105, 238, 92),
(410, 2, '2023-09-30', '17:00', '20:00', 4, 6, 104, 154, 133),
(411, 2, '2023-09-30', '14:30', '18:00', 5, 1, 96, 148, 107),
(412, 2, '2023-09-30', '22:00', '02:00', 5, 2, 108, 249, 131),
(413, 2, '2023-09-30', '21:00', '02:00', 5, 3, 113, 163, 91),
(414, 2, '2023-09-30', '11:00', '14:00', 5, 4, 110, 264, 105),
(415, 2, '2023-09-30', '13:30', '17:00', 5, 6, 103, 172, 92),
(416, 2, '2023-09-30', '18:00', '03:00', 6, 1, 103, 180, 74),
(417, 2, '2023-09-30', '15:00', '19:00', 6, 2, 117, 254, 65),
(418, 2, '2023-09-30', '23:30', '04:00', 6, 3, 96, 194, 128),
(419, 2, '2023-09-30', '12:30', '17:00', 6, 4, 104, 166, 85),
(420, 2, '2023-09-30', '21:00', '02:00', 6, 5, 117, 229, 111),
(421, 3, '2023-09-30', '12:30', '01:00', 1, 2, 115, 122, 71),
(422, 3, '2023-09-30', '11:00', '04:00', 1, 3, 116, 236, 79),
(423, 3, '2023-09-30', '10:30', '13:00', 1, 4, 107, 257, 134),
(424, 3, '2023-09-30', '22:30', '03:00', 1, 5, 97, 222, 117),
(425, 3, '2023-09-30', '20:30', '23:00', 1, 6, 109, 186, 107),
(426, 3, '2023-09-30', '09:00', '14:00', 2, 1, 91, 218, 106),
(427, 3, '2023-09-30', '10:00', '13:00', 2, 3, 109, 234, 130),
(428, 3, '2023-09-30', '11:30', '17:00', 2, 4, 113, 184, 89),
(429, 3, '2023-09-30', '13:00', '18:00', 2, 5, 95, 176, 92),
(430, 3, '2023-09-30', '15:30', '19:00', 2, 6, 94, 215, 130),
(431, 3, '2023-09-30', '18:00', '21:00', 3, 1, 120, 133, 126),
(432, 3, '2023-09-30', '18:30', '22:00', 3, 2, 115, 123, 118),
(433, 3, '2023-09-30', '17:30', '20:00', 3, 4, 99, 197, 134),
(434, 3, '2023-09-30', '11:30', '14:00', 3, 5, 116, 198, 99),
(435, 3, '2023-09-30', '09:00', '12:00', 3, 6, 111, 123, 68),
(436, 3, '2023-09-30', '12:30', '17:00', 4, 1, 98, 110, 62),
(437, 3, '2023-09-30', '09:00', '14:00', 4, 2, 94, 170, 127),
(438, 3, '2023-09-30', '22:30', '02:00', 4, 3, 116, 189, 70),
(439, 3, '2023-09-30', '20:00', '01:00', 4, 5, 105, 233, 87),
(440, 3, '2023-09-30', '17:00', '20:00', 4, 6, 104, 149, 128),
(441, 3, '2023-09-30', '14:30', '18:00', 5, 1, 96, 143, 102),
(442, 3, '2023-09-30', '22:00', '02:00', 5, 2, 108, 244, 126),
(443, 3, '2023-09-30', '21:00', '02:00', 5, 3, 113, 158, 86),
(444, 3, '2023-09-30', '11:00', '14:00', 5, 4, 110, 259, 100),
(445, 3, '2023-09-30', '13:30', '17:00', 5, 6, 103, 167, 87),
(446, 3, '2023-09-30', '18:00', '03:00', 6, 1, 103, 175, 69),
(447, 3, '2023-09-30', '15:00', '19:00', 6, 2, 117, 249, 60),
(448, 3, '2023-09-30', '23:30', '04:00', 6, 3, 96, 189, 123),
(449, 3, '2023-09-30', '12:30', '17:00', 6, 4, 104, 161, 80),
(450, 3, '2023-09-30', '21:00', '02:00', 6, 5, 117, 224, 106),
(451, 4, '2023-09-30', '12:30', '01:00', 1, 2, 115, 132, 81),
(452, 4, '2023-09-30', '11:00', '04:00', 1, 3, 116, 246, 89),
(453, 4, '2023-09-30', '10:30', '13:00', 1, 4, 107, 267, 144),
(454, 4, '2023-09-30', '22:30', '03:00', 1, 5, 97, 232, 127),
(455, 4, '2023-09-30', '20:30', '23:00', 1, 6, 109, 196, 117),
(456, 4, '2023-09-30', '09:00', '14:00', 2, 1, 91, 228, 116),
(457, 4, '2023-09-30', '10:00', '13:00', 2, 3, 109, 244, 140),
(458, 4, '2023-09-30', '11:30', '17:00', 2, 4, 113, 194, 99),
(459, 4, '2023-09-30', '13:00', '18:00', 2, 5, 95, 186, 102),
(460, 4, '2023-09-30', '15:30', '19:00', 2, 6, 94, 225, 140),
(461, 4, '2023-09-30', '18:00', '21:00', 3, 1, 120, 143, 136),
(462, 4, '2023-09-30', '18:30', '22:00', 3, 2, 115, 133, 128),
(463, 4, '2023-09-30', '17:30', '20:00', 3, 4, 99, 207, 144),
(464, 4, '2023-09-30', '11:30', '14:00', 3, 5, 116, 208, 109),
(465, 4, '2023-09-30', '09:00', '12:00', 3, 6, 111, 133, 78),
(466, 4, '2023-09-30', '12:30', '17:00', 4, 1, 98, 120, 72),
(467, 4, '2023-09-30', '09:00', '14:00', 4, 2, 94, 180, 137),
(468, 4, '2023-09-30', '22:30', '02:00', 4, 3, 116, 199, 80),
(469, 4, '2023-09-30', '20:00', '01:00', 4, 5, 105, 243, 97),
(470, 4, '2023-09-30', '17:00', '20:00', 4, 6, 104, 159, 138),
(471, 4, '2023-09-30', '14:30', '18:00', 5, 1, 96, 153, 112),
(472, 4, '2023-09-30', '22:00', '02:00', 5, 2, 108, 254, 136),
(473, 4, '2023-09-30', '21:00', '02:00', 5, 3, 113, 168, 96),
(474, 4, '2023-09-30', '11:00', '14:00', 5, 4, 110, 269, 110),
(475, 4, '2023-09-30', '13:30', '17:00', 5, 6, 103, 177, 97),
(476, 4, '2023-09-30', '18:00', '03:00', 6, 1, 103, 185, 79),
(477, 4, '2023-09-30', '15:00', '19:00', 6, 2, 117, 259, 70),
(478, 4, '2023-09-30', '23:30', '04:00', 6, 3, 96, 199, 133),
(479, 4, '2023-09-30', '12:30', '17:00', 6, 4, 104, 171, 90),
(480, 4, '2023-09-30', '21:00', '02:00', 6, 5, 117, 234, 116),
(481, 1, '2023-10-01', '12:30', '01:00', 1, 2, 115, 112, 61),
(482, 1, '2023-10-01', '11:00', '04:00', 1, 3, 116, 226, 69),
(483, 1, '2023-10-01', '10:30', '13:00', 1, 4, 107, 247, 124),
(484, 1, '2023-10-01', '22:30', '03:00', 1, 5, 97, 212, 107),
(485, 1, '2023-10-01', '20:30', '23:00', 1, 6, 109, 176, 97),
(486, 1, '2023-10-01', '09:00', '14:00', 2, 1, 91, 208, 96),
(487, 1, '2023-10-01', '10:00', '13:00', 2, 3, 109, 224, 120),
(488, 1, '2023-10-01', '11:30', '17:00', 2, 4, 113, 174, 79),
(489, 1, '2023-10-01', '13:00', '18:00', 2, 5, 95, 166, 82),
(490, 1, '2023-10-01', '15:30', '19:00', 2, 6, 94, 205, 120),
(491, 1, '2023-10-01', '18:00', '21:00', 3, 1, 120, 123, 116),
(492, 1, '2023-10-01', '18:30', '22:00', 3, 2, 115, 113, 108),
(493, 1, '2023-10-01', '17:30', '20:00', 3, 4, 99, 187, 124),
(494, 1, '2023-10-01', '11:30', '14:00', 3, 5, 116, 188, 89),
(495, 1, '2023-10-01', '09:00', '12:00', 3, 6, 111, 113, 58),
(496, 1, '2023-10-01', '12:30', '17:00', 4, 1, 98, 100, 52),
(497, 1, '2023-10-01', '09:00', '14:00', 4, 2, 94, 160, 117),
(498, 1, '2023-10-01', '22:30', '02:00', 4, 3, 116, 179, 60),
(499, 1, '2023-10-01', '20:00', '01:00', 4, 5, 105, 223, 77),
(500, 1, '2023-10-01', '17:00', '20:00', 4, 6, 104, 139, 118),
(501, 1, '2023-10-01', '14:30', '18:00', 5, 1, 96, 133, 92),
(502, 1, '2023-10-01', '22:00', '02:00', 5, 2, 108, 234, 116),
(503, 1, '2023-10-01', '21:00', '02:00', 5, 3, 113, 148, 76),
(504, 1, '2023-10-01', '11:00', '14:00', 5, 4, 110, 249, 90),
(505, 1, '2023-10-01', '13:30', '17:00', 5, 6, 103, 157, 77),
(506, 1, '2023-10-01', '18:00', '03:00', 6, 1, 103, 165, 59),
(507, 1, '2023-10-01', '15:00', '19:00', 6, 2, 117, 239, 50),
(508, 1, '2023-10-01', '23:30', '04:00', 6, 3, 96, 179, 113),
(509, 1, '2023-10-01', '12:30', '17:00', 6, 4, 104, 151, 70),
(510, 1, '2023-10-01', '21:00', '02:00', 6, 5, 117, 214, 96),
(511, 2, '2023-10-01', '12:30', '01:00', 1, 2, 115, 122, 71),
(512, 2, '2023-10-01', '11:00', '04:00', 1, 3, 116, 236, 79),
(513, 2, '2023-10-01', '10:30', '13:00', 1, 4, 107, 257, 134),
(514, 2, '2023-10-01', '22:30', '03:00', 1, 5, 97, 222, 117),
(515, 2, '2023-10-01', '20:30', '23:00', 1, 6, 109, 186, 107),
(516, 2, '2023-10-01', '09:00', '14:00', 2, 1, 91, 218, 106),
(517, 2, '2023-10-01', '10:00', '13:00', 2, 3, 109, 234, 130),
(518, 2, '2023-10-01', '11:30', '17:00', 2, 4, 113, 184, 89),
(519, 2, '2023-10-01', '13:00', '18:00', 2, 5, 95, 176, 92),
(520, 2, '2023-10-01', '15:30', '19:00', 2, 6, 94, 215, 130),
(521, 2, '2023-10-01', '18:00', '21:00', 3, 1, 120, 133, 126),
(522, 2, '2023-10-01', '18:30', '22:00', 3, 2, 115, 123, 118),
(523, 2, '2023-10-01', '17:30', '20:00', 3, 4, 99, 197, 134),
(524, 2, '2023-10-01', '11:30', '14:00', 3, 5, 116, 198, 99),
(525, 2, '2023-10-01', '09:00', '12:00', 3, 6, 111, 123, 68),
(526, 2, '2023-10-01', '12:30', '17:00', 4, 1, 98, 110, 62),
(527, 2, '2023-10-01', '09:00', '14:00', 4, 2, 94, 170, 127),
(528, 2, '2023-10-01', '22:30', '02:00', 4, 3, 116, 189, 70),
(529, 2, '2023-10-01', '20:00', '01:00', 4, 5, 105, 233, 87),
(530, 2, '2023-10-01', '17:00', '20:00', 4, 6, 104, 149, 128),
(531, 2, '2023-10-01', '14:30', '18:00', 5, 1, 96, 143, 102),
(532, 2, '2023-10-01', '22:00', '02:00', 5, 2, 108, 244, 126),
(533, 2, '2023-10-01', '21:00', '02:00', 5, 3, 113, 158, 86),
(534, 2, '2023-10-01', '11:00', '14:00', 5, 4, 110, 259, 100),
(535, 2, '2023-10-01', '13:30', '17:00', 5, 6, 103, 167, 87),
(536, 2, '2023-10-01', '18:00', '03:00', 6, 1, 103, 175, 69),
(537, 2, '2023-10-01', '15:00', '19:00', 6, 2, 117, 249, 60),
(538, 2, '2023-10-01', '23:30', '04:00', 6, 3, 96, 189, 123),
(539, 2, '2023-10-01', '12:30', '17:00', 6, 4, 104, 161, 80),
(540, 2, '2023-10-01', '21:00', '02:00', 6, 5, 117, 224, 106),
(541, 3, '2023-10-01', '12:30', '01:00', 1, 2, 115, 102, 51),
(542, 3, '2023-10-01', '11:00', '04:00', 1, 3, 116, 216, 59),
(543, 3, '2023-10-01', '10:30', '13:00', 1, 4, 107, 237, 114),
(544, 3, '2023-10-01', '22:30', '03:00', 1, 5, 97, 202, 97),
(545, 3, '2023-10-01', '20:30', '23:00', 1, 6, 109, 166, 87),
(546, 3, '2023-10-01', '09:00', '14:00', 2, 1, 91, 198, 86),
(547, 3, '2023-10-01', '10:00', '13:00', 2, 3, 109, 214, 110),
(548, 3, '2023-10-01', '11:30', '17:00', 2, 4, 113, 164, 69),
(549, 3, '2023-10-01', '13:00', '18:00', 2, 5, 95, 156, 72),
(550, 3, '2023-10-01', '15:30', '19:00', 2, 6, 94, 195, 110),
(551, 3, '2023-10-01', '18:00', '21:00', 3, 1, 120, 113, 106),
(552, 3, '2023-10-01', '18:30', '22:00', 3, 2, 115, 103, 98),
(553, 3, '2023-10-01', '17:30', '20:00', 3, 4, 99, 177, 114),
(554, 3, '2023-10-01', '11:30', '14:00', 3, 5, 116, 178, 79),
(555, 3, '2023-10-01', '09:00', '12:00', 3, 6, 111, 103, 48),
(556, 3, '2023-10-01', '12:30', '17:00', 4, 1, 98, 90, 42),
(557, 3, '2023-10-01', '09:00', '14:00', 4, 2, 94, 150, 107),
(558, 3, '2023-10-01', '22:30', '02:00', 4, 3, 116, 169, 50),
(559, 3, '2023-10-01', '20:00', '01:00', 4, 5, 105, 213, 67),
(560, 3, '2023-10-01', '17:00', '20:00', 4, 6, 104, 129, 108),
(561, 3, '2023-10-01', '14:30', '18:00', 5, 1, 96, 123, 82),
(562, 3, '2023-10-01', '22:00', '02:00', 5, 2, 108, 224, 106),
(563, 3, '2023-10-01', '21:00', '02:00', 5, 3, 113, 138, 66),
(564, 3, '2023-10-01', '11:00', '14:00', 5, 4, 110, 239, 80),
(565, 3, '2023-10-01', '13:30', '17:00', 5, 6, 103, 147, 67),
(566, 3, '2023-10-01', '18:00', '03:00', 6, 1, 103, 155, 49),
(567, 3, '2023-10-01', '15:00', '19:00', 6, 2, 117, 229, 40),
(568, 3, '2023-10-01', '23:30', '04:00', 6, 3, 96, 169, 103),
(569, 3, '2023-10-01', '12:30', '17:00', 6, 4, 104, 141, 60),
(570, 3, '2023-10-01', '21:00', '02:00', 6, 5, 117, 204, 86),
(571, 4, '2023-10-01', '12:30', '01:00', 1, 2, 115, 117, 51),
(572, 4, '2023-10-01', '11:00', '04:00', 1, 3, 116, 231, 59),
(573, 4, '2023-10-01', '10:30', '13:00', 1, 4, 107, 252, 114),
(574, 4, '2023-10-01', '22:30', '03:00', 1, 5, 97, 217, 97),
(575, 4, '2023-10-01', '20:30', '23:00', 1, 6, 109, 181, 87),
(576, 4, '2023-10-01', '09:00', '14:00', 2, 1, 91, 213, 86),
(577, 4, '2023-10-01', '10:00', '13:00', 2, 3, 109, 229, 110),
(578, 4, '2023-10-01', '11:30', '17:00', 2, 4, 113, 179, 69),
(579, 4, '2023-10-01', '13:00', '18:00', 2, 5, 95, 171, 72),
(580, 4, '2023-10-01', '15:30', '19:00', 2, 6, 94, 210, 110),
(581, 4, '2023-10-01', '18:00', '21:00', 3, 1, 120, 128, 106),
(582, 4, '2023-10-01', '18:30', '22:00', 3, 2, 115, 118, 98),
(583, 4, '2023-10-01', '17:30', '20:00', 3, 4, 99, 192, 114),
(584, 4, '2023-10-01', '11:30', '14:00', 3, 5, 116, 193, 79),
(585, 4, '2023-10-01', '09:00', '12:00', 3, 6, 111, 118, 48),
(586, 4, '2023-10-01', '12:30', '17:00', 4, 1, 98, 105, 42),
(587, 4, '2023-10-01', '09:00', '14:00', 4, 2, 94, 165, 107),
(588, 4, '2023-10-01', '22:30', '02:00', 4, 3, 116, 184, 50),
(589, 4, '2023-10-01', '20:00', '01:00', 4, 5, 105, 228, 67),
(590, 4, '2023-10-01', '17:00', '20:00', 4, 6, 104, 144, 108),
(591, 4, '2023-10-01', '14:30', '18:00', 5, 1, 96, 138, 82),
(592, 4, '2023-10-01', '22:00', '02:00', 5, 2, 108, 239, 106),
(593, 4, '2023-10-01', '21:00', '02:00', 5, 3, 113, 153, 66),
(594, 4, '2023-10-01', '11:00', '14:00', 5, 4, 110, 254, 80),
(595, 4, '2023-10-01', '13:30', '17:00', 5, 6, 103, 162, 67),
(596, 4, '2023-10-01', '18:00', '03:00', 6, 1, 103, 170, 49),
(597, 4, '2023-10-01', '15:00', '19:00', 6, 2, 117, 244, 40),
(598, 4, '2023-10-01', '23:30', '04:00', 6, 3, 96, 184, 103),
(599, 4, '2023-10-01', '12:30', '17:00', 6, 4, 104, 156, 60),
(600, 4, '2023-10-01', '21:00', '02:00', 6, 5, 117, 219, 86);

--
-- Indexes for dumped tables
--

--
-- Indexes for table `aerolineas`
--
ALTER TABLE `aerolineas`
  ADD PRIMARY KEY (`id`);

--
-- Indexes for table `ciudades`
--
ALTER TABLE `ciudades`
  ADD PRIMARY KEY (`id`);

--
-- Indexes for table `usuarios`
--
ALTER TABLE `usuarios`
  ADD PRIMARY KEY (`cedula`);

--
-- Indexes for table `vuelos`
--
ALTER TABLE `vuelos`
  ADD PRIMARY KEY (`id`);

--
-- AUTO_INCREMENT for dumped tables
--

--
-- AUTO_INCREMENT for table `aerolineas`
--
ALTER TABLE `aerolineas`
  MODIFY `id` int(11) NOT NULL AUTO_INCREMENT, AUTO_INCREMENT=5;

--
-- AUTO_INCREMENT for table `ciudades`
--
ALTER TABLE `ciudades`
  MODIFY `id` int(11) NOT NULL AUTO_INCREMENT, AUTO_INCREMENT=7;

--
-- AUTO_INCREMENT for table `vuelos`
--
ALTER TABLE `vuelos`
  MODIFY `id` int(11) NOT NULL AUTO_INCREMENT, AUTO_INCREMENT=601;
COMMIT;

/*!40101 SET CHARACTER_SET_CLIENT=@OLD_CHARACTER_SET_CLIENT */;
/*!40101 SET CHARACTER_SET_RESULTS=@OLD_CHARACTER_SET_RESULTS */;
/*!40101 SET COLLATION_CONNECTION=@OLD_COLLATION_CONNECTION */;
